,Date,Views
0,2021-06-01,7831
1,2021-06-02,7798
2,2021-06-03,7401
3,2021-06-04,7054
4,2021-06-05,7973
5,2021-06-06,9114
6,2021-06-07,10387
7,2021-06-08,8895
8,2021-06-09,9048
9,2021-06-10,8431
10,2021-06-11,8342
11,2021-06-12,7720
12,2021-06-13,7622
13,2021-06-14,10023
14,2021-06-15,9558
15,2021-06-16,9820
16,2021-06-17,8541
17,2021-06-18,7803
18,2021-06-19,7092
19,2021-06-20,7386
20,2021-06-21,8298
21,2021-06-22,8044
22,2021-06-23,7828
23,2021-06-24,7455
24,2021-06-25,7559
25,2021-06-26,7349
26,2021-06-27,6953
27,2021-06-28,7996
28,2021-06-29,8328
29,2021-06-30,7669
30,2021-07-01,6463
31,2021-07-02,6762
32,2021-07-03,7648
33,2021-07-04,6870
34,2021-07-05,7687
35,2021-07-06,8336
36,2021-07-07,7609
37,2021-07-08,7457
38,2021-07-09,7868
39,2021-07-10,8458
40,2021-07-11,6380
41,2021-07-12,7762
42,2021-07-13,8538
43,2021-07-14,7898
44,2021-07-15,7968
45,2021-07-16,7729
46,2021-07-17,7288
47,2021-07-18,7290
48,2021-07-19,8024
49,2021-07-20,8076
50,2021-07-21,7494
51,2021-07-22,7962
52,2021-07-23,8016
53,2021-07-24,7993
54,2021-07-25,6810
55,2021-07-26,8240
56,2021-07-27,8921
57,2021-07-28,8198
58,2021-07-29,8095
59,2021-07-30,7880
60,2021-07-31,7072
61,2021-08-01,6235
62,2021-08-02,7810
63,2021-08-03,8546
64,2021-08-04,7941
65,2021-08-05,7308
66,2021-08-06,7440
67,2021-08-07,7509
68,2021-08-08,6605
69,2021-08-09,9002
70,2021-08-10,9104
71,2021-08-11,9131
72,2021-08-12,9085
73,2021-08-13,7485
74,2021-08-14,7599
75,2021-08-15,7153
76,2021-08-16,8478
77,2021-08-17,8145
78,2021-08-18,7805
79,2021-08-19,8512
80,2021-08-20,7076
81,2021-08-21,7305
82,2021-08-22,6792
83,2021-08-23,8209
84,2021-08-24,8596
85,2021-08-25,8240
86,2021-08-26,8633
87,2021-08-27,7607
88,2021-08-28,7006
89,2021-08-29,6680
90,2021-08-30,8134
91,2021-08-31,8384
92,2021-09-01,8326
93,2021-09-02,8248
94,2021-09-03,7418
95,2021-09-04,7039
96,2021-09-05,6796
97,2021-09-06,8809
98,2021-09-07,9841
99,2021-09-08,9605
100,2021-09-09,8531
101,2021-09-10,7059
102,2021-09-11,8172
103,2021-09-12,8077
104,2021-09-13,10018
105,2021-09-14,9050
106,2021-09-15,9450
107,2021-09-16,8977
108,2021-09-17,8689
109,2021-09-18,7678
110,2021-09-19,6830
111,2021-09-20,9723
112,2021-09-21,9869
113,2021-09-22,9523
114,2021-09-23,10481
115,2021-09-24,9193
116,2021-09-25,8204
117,2021-09-26,7776
118,2021-09-27,9857
119,2021-09-28,9977
120,2021-09-29,10028
121,2021-09-30,9785
122,2021-10-01,8916
123,2021-10-02,8310
124,2021-10-03,7893
125,2021-10-04,10718
126,2021-10-05,10399
127,2021-10-06,9128
128,2021-10-07,9271
129,2021-10-08,8749
130,2021-10-09,8055
131,2021-10-10,7251
132,2021-10-11,8860
133,2021-10-12,8634
134,2021-10-13,7863
135,2021-10-14,7481
136,2021-10-15,6743
137,2021-10-16,9054
138,2021-10-17,7480
139,2021-10-18,8749
140,2021-10-19,9506
141,2021-10-20,9416
142,2021-10-21,9354
143,2021-10-22,9120
144,2021-10-23,7949
145,2021-10-24,7363
146,2021-10-25,9926
147,2021-10-26,10130
148,2021-10-27,9114
149,2021-10-28,8795
150,2021-10-29,9006
151,2021-10-30,7586
152,2021-10-31,6761
153,2021-11-01,8276
154,2021-11-02,8193
155,2021-11-03,7223
156,2021-11-04,5772
157,2021-11-05,6378
158,2021-11-06,6367
159,2021-11-07,7923
160,2021-11-08,8972
161,2021-11-09,9517
162,2021-11-10,9612
163,2021-11-11,8933
164,2021-11-12,8449
165,2021-11-13,7505
166,2021-11-14,7401
167,2021-11-15,9413
168,2021-11-16,9435
169,2021-11-17,9412
170,2021-11-18,9057
171,2021-11-19,8336
172,2021-11-20,6617
173,2021-11-21,6916
174,2021-11-22,8723
175,2021-11-23,9296
176,2021-11-24,9460
177,2021-11-25,8971
178,2021-11-26,7131
179,2021-11-27,6516
180,2021-11-28,6838
181,2021-11-29,8605
182,2021-11-30,8345
183,2021-12-01,8363
184,2021-12-02,7698
185,2021-12-03,6956
186,2021-12-04,6389
187,2021-12-05,6260
188,2021-12-06,8335
189,2021-12-07,8858
190,2021-12-08,8971
191,2021-12-09,8599
192,2021-12-10,7815
193,2021-12-11,7203
194,2021-12-12,7627
195,2021-12-13,8685
196,2021-12-14,8747
197,2021-12-15,8592
198,2021-12-16,7680
199,2021-12-17,7832
200,2021-12-18,7952
201,2021-12-19,6907
202,2021-12-20,8840
203,2021-12-21,7254
204,2021-12-22,6883
205,2021-12-23,7083
206,2021-12-24,5646
207,2021-12-25,4812
208,2021-12-26,5407
209,2021-12-27,7000
210,2021-12-28,7581
211,2021-12-29,7338
212,2021-12-30,6683
213,2021-12-31,5033
214,2022-01-01,4478
215,2022-01-02,6366
216,2022-01-03,7498
217,2022-01-04,7885
218,2022-01-05,7490
219,2022-01-06,7419
220,2022-01-07,6673
221,2022-01-08,7136
222,2022-01-09,6668
223,2022-01-10,8341
224,2022-01-11,8311
225,2022-01-12,8201
226,2022-01-13,7998
227,2022-01-14,6541
228,2022-01-15,6314
229,2022-01-16,6570
230,2022-01-17,8139
231,2022-01-18,9194
232,2022-01-19,7850
233,2022-01-20,8470
234,2022-01-21,7760
235,2022-01-22,6589
236,2022-01-23,6981
237,2022-01-24,7667
238,2022-01-25,7850
239,2022-01-26,7235
240,2022-01-27,8079
241,2022-01-28,8418
242,2022-01-29,7371
243,2022-01-30,6842
244,2022-01-31,8079
245,2022-02-01,8284
246,2022-02-02,8603
247,2022-02-03,7974
248,2022-02-04,7550
249,2022-02-05,6811
250,2022-02-06,6338
251,2022-02-07,8919
252,2022-02-08,8066
253,2022-02-09,8747
254,2022-02-10,8676
255,2022-02-11,8088
256,2022-02-12,7522
257,2022-02-13,7244
258,2022-02-14,8524
259,2022-02-15,9541
260,2022-02-16,8956
261,2022-02-17,8860
262,2022-02-18,8630
263,2022-02-19,8874
264,2022-02-20,7805
265,2022-02-21,10154
266,2022-02-22,10080
267,2022-02-23,10327
268,2022-02-24,8908
269,2022-02-25,9111
270,2022-02-26,7669
271,2022-02-27,7565
272,2022-02-28,8896
273,2022-03-01,8476
274,2022-03-02,8760
275,2022-03-03,8882
276,2022-03-04,8696
277,2022-03-05,8003
278,2022-03-06,7424
279,2022-03-07,9560
280,2022-03-08,9459
281,2022-03-09,9717
282,2022-03-10,11486
283,2022-03-11,9259
284,2022-03-12,7762
285,2022-03-13,9137
286,2022-03-14,10533
287,2022-03-15,11846
288,2022-03-16,9961
289,2022-03-17,9312
290,2022-03-18,7859
291,2022-03-19,8860
292,2022-03-20,8304
293,2022-03-21,10584
294,2022-03-22,10210
295,2022-03-23,9505
296,2022-03-24,10292
297,2022-03-25,8940
298,2022-03-26,7811
299,2022-03-27,7455
300,2022-03-28,9282
301,2022-03-29,10620
302,2022-03-30,9960
303,2022-03-31,7643
304,2022-04-01,8133
305,2022-04-02,7110
306,2022-04-03,8519
307,2022-04-04,10397
308,2022-04-05,10234
309,2022-04-06,10225
310,2022-04-07,10088
311,2022-04-08,8753
312,2022-04-09,8117
313,2022-04-10,8531
314,2022-04-11,10000
315,2022-04-12,10190
316,2022-04-13,9399
317,2022-04-14,8356
318,2022-04-15,8283
319,2022-04-16,9476
320,2022-04-17,8379
321,2022-04-18,11347
322,2022-04-19,12156
323,2022-04-20,11547
324,2022-04-21,9988
325,2022-04-22,9023
326,2022-04-23,7750
327,2022-04-24,8883
328,2022-04-25,11474
329,2022-04-26,10631
330,2022-04-27,10667
331,2022-04-28,9938
332,2022-04-29,9380
333,2022-04-30,8514
334,2022-05-01,7992
335,2022-05-02,8766
336,2022-05-03,9249
337,2022-05-04,9896
338,2022-05-05,9672
339,2022-05-06,9113
340,2022-05-07,8691
341,2022-05-08,7667
342,2022-05-09,10288
343,2022-05-10,11302
344,2022-05-11,10337
345,2022-05-12,10709
346,2022-05-13,9543
347,2022-05-14,7413
348,2022-05-15,7249
349,2022-05-16,10017
350,2022-05-17,10039
351,2022-05-18,10967
352,2022-05-19,11589
353,2022-05-20,9685
354,2022-05-21,8536
355,2022-05-22,8024
356,2022-05-23,10571
357,2022-05-24,10772
358,2022-05-25,10437
359,2022-05-26,10652
360,2022-05-27,9173
361,2022-05-28,8149
362,2022-05-29,8498
363,2022-05-30,10975
364,2022-05-31,10500
365,2022-06-01,9662
366,2022-06-02,9711
367,2022-06-03,8604
368,2022-06-04,8403
369,2022-06-05,8227
370,2022-06-06,9251
371,2022-06-07,9330
372,2022-06-08,9823
373,2022-06-09,10067
374,2022-06-10,8874
375,2022-06-11,7361
376,2022-06-12,8519
377,2022-06-13,10234
378,2022-06-14,10921
379,2022-06-15,10758
380,2022-06-16,10534
381,2022-06-17,10471
382,2022-06-18,9079
383,2022-06-19,10163
384,2022-06-20,11733
385,2022-06-21,11426
386,2022-06-22,11154
387,2022-06-23,10382
388,2022-06-24,9555
389,2022-06-25,8502
390,2022-06-26,8368
